iter	MultiClass
0	4.070847051
1	3.784423418
2	3.571043654
3	3.392795393
4	3.252857577
5	3.14399618
6	3.03057526
7	2.935920066
8	2.85295546
9	2.766654348
10	2.68778351
11	2.608268989
12	2.538414585
13	2.465402375
14	2.415750566
15	2.356740477
16	2.304155564
17	2.250376877
18	2.199998869
19	2.153707542
20	2.117667607
21	2.075017691
22	2.037311186
23	2.001207145
24	1.969546562
25	1.944017897
26	1.916982887
27	1.890002417
28	1.865182421
29	1.837808846
